usageKey,scientificName,canonicalName,authorship,rank,code,status,genericName,specificEpithet,type,formattedName,matchType,confidence,kingdom,phylum,class,order,family,genus,species,kingdomKey,phylumKey,classKey,orderKey,familyKey,genusKey,speciesKey,value,easin_scientificName,easin_kingdom,easin_EASINID,is_alternative,infraspecificEpithet,variety,varietyKey,subspecies,subspeciesKey,processingFlags,note,form,formKey,easin_Name,easin_Authorship,easin_FirstIntroductionsInEU,easin_PresentInCountries,easin_Status,easin_HasImpact,easin_IsEUConcern,easin_EUConcernName,easin_IsOutermostConcern,easin_ConcernedOutermostRegions,easin_IsMSConcern,easin_ConcernedMS,easin_IsPartNative,easin_NativeRange,easin_IsHorizonScanning,easin_LastRevisionDate,easin_Phylum,easin_Class,easin_Order,easin_Family,easin_ImpactSources,easin_ImpactOnSectors,easin_CommonNames,easin_Synonyms,easin_CBD_Pathways
5754817,"Abax parallelus (Duftschmid, 1812)",Abax parallelus,"(Duftschmid, 1812)",SPECIES,ZOOLOGICAL,ACCEPTED,Abax,parallelus,SCIENTIFIC,"<i>Abax</i> <i>parallelus</i> (Duftschmid, 1812)",EXACT,100,Animalia,Arthropoda,Insecta,Coleoptera,Carabidae,Abax,Abax parallelus,1,54,216,1470,3792,4988750,5754817,FALSE,"Abax parallelus (Duftschmid, 1812)",Animalia,R00001,FALSE,NA,NA,NA,NA,NA,NA,NA,NA,NA,Abax parallelus,"(Duftschmid, 1812)",NA,NA,A,FALSE,FALSE,NA,FALSE,NA,FALSE,NA,TRUE,NA,FALSE,NA,Arthropoda,Insecta,Coleoptera,Carabidae,NA,NA,NA,NA,NA
4567113,"Abida polyodon (Draparnaud, 1801)",Abida polyodon,"(Draparnaud, 1801)",SPECIES,ZOOLOGICAL,ACCEPTED,Abida,polyodon,SCIENTIFIC,"<i>Abida</i> <i>polyodon</i> (Draparnaud, 1801)",EXACT,100,Animalia,Mollusca,Gastropoda,Stylommatophora,Chondrinidae,Abida,Abida polyodon,1,52,225,1456,3244092,4406374,4567113,FALSE,"Abida polyodon (Draparnaud, 1801)",Animalia,R19170,FALSE,NA,NA,NA,NA,NA,NA,NA,NA,NA,Abida polyodon,"(Draparnaud, 1801)",NA,NA,A,FALSE,FALSE,NA,FALSE,NA,FALSE,NA,TRUE,NA,FALSE,NA,Mollusca,Gastropoda,Stylommatophora,Chondrinidae,NA,NA,NA,NA,NA
2685484,Abies alba Mill.,Abies alba,Mill.,SPECIES,NA,ACCEPTED,Abies,alba,SCIENTIFIC,<i>Abies</i> <i>alba</i> Mill.,EXACT,100,Plantae,Tracheophyta,Pinopsida,Pinales,Pinaceae,Abies,Abies alba,6,7707728,194,640,3925,2684876,2685484,FALSE,Abies alba Mill.,Plantae,R00005,FALSE,NA,NA,NA,NA,NA,NA,NA,NA,NA,Abies alba,Mill.,NA,NA,A,FALSE,FALSE,NA,FALSE,NA,FALSE,NA,TRUE,NA,FALSE,NA,Tracheophyta,Pinopsida,Pinales,Pinaceae,NA,NA,NA,NA,NA
2685383,Abies balsamea (L.) Mill.,Abies balsamea,(L.) Mill.,SPECIES,BOTANICAL,ACCEPTED,Abies,balsamea,SCIENTIFIC,<i>Abies</i> <i>balsamea</i> (L.) Mill.,EXACT,100,Plantae,Tracheophyta,Pinopsida,Pinales,Pinaceae,Abies,Abies balsamea,6,7707728,194,640,3925,2684876,2685383,FALSE,Abies balsamea (L.) Mill.,Plantae,R00006,FALSE,NA,NA,NA,NA,NA,NA,NA,NA,NA,Abies balsamea,(L.) Mill.,NA,NA,A,FALSE,FALSE,NA,FALSE,NA,FALSE,NA,FALSE,NA,FALSE,NA,Tracheophyta,Pinopsida,Pinales,Pinaceae,NA,NA,NA,NA,NA
2685326,Abies cephalonica Loudon,Abies cephalonica,Loudon,SPECIES,NA,ACCEPTED,Abies,cephalonica,SCIENTIFIC,<i>Abies</i> <i>cephalonica</i> Loudon,EXACT,100,Plantae,Tracheophyta,Pinopsida,Pinales,Pinaceae,Abies,Abies cephalonica,6,7707728,194,640,3925,2684876,2685326,FALSE,Abies cephalonica Loudon,Plantae,R00007,FALSE,NA,NA,NA,NA,NA,NA,NA,NA,NA,Abies cephalonica,Loudon,NA,NA,A,FALSE,FALSE,NA,FALSE,NA,FALSE,NA,TRUE,NA,FALSE,NA,Tracheophyta,Pinopsida,Pinales,Pinaceae,NA,NA,NA,NA,NA
2685580,Abies concolor (Gordon) Lindl. ex Hildebr.,Abies concolor,(Gordon) Lindl. ex Hildebr.,SPECIES,BOTANICAL,ACCEPTED,Abies,concolor,SCIENTIFIC,<i>Abies</i> <i>concolor</i> (Gordon) Lindl. ex Hildebr.,EXACT,100,Plantae,Tracheophyta,Pinopsida,Pinales,Pinaceae,Abies,Abies concolor,6,7707728,194,640,3925,2684876,2685580,FALSE,Abies concolor (Gordon) Lindl. ex Hildebr.,Plantae,R00008,FALSE,NA,NA,NA,NA,NA,NA,NA,NA,NA,Abies concolor,(Gordon) Lindl. ex Hildebr.,NA,NA,A,FALSE,FALSE,NA,FALSE,NA,FALSE,NA,FALSE,NA,FALSE,NA,Tracheophyta,Pinopsida,Pinales,Pinaceae,NA,NA,NA,NA,NA
2685318,Abies fraseri (Pursh) Poir.,Abies fraseri,(Pursh) Poir.,SPECIES,BOTANICAL,ACCEPTED,Abies,fraseri,SCIENTIFIC,<i>Abies</i> <i>fraseri</i> (Pursh) Poir.,EXACT,100,Plantae,Tracheophyta,Pinopsida,Pinales,Pinaceae,Abies,Abies fraseri,6,7707728,194,640,3925,2684876,2685318,FALSE,Abies fraseri (Pursh) Poir.,Plantae,R00010,FALSE,NA,NA,NA,NA,NA,NA,NA,NA,NA,Abies fraseri,(Pursh) Poir.,NA,NA,A,FALSE,FALSE,NA,FALSE,NA,FALSE,NA,FALSE,NA,FALSE,NA,Tracheophyta,Pinopsida,Pinales,Pinaceae,NA,NA,NA,NA,NA
2685361,Abies grandis (Douglas ex D.Don) Lindl.,Abies grandis,(Douglas ex D.Don) Lindl.,SPECIES,BOTANICAL,ACCEPTED,Abies,grandis,SCIENTIFIC,<i>Abies</i> <i>grandis</i> (Douglas ex D.Don) Lindl.,EXACT,100,Plantae,Tracheophyta,Pinopsida,Pinales,Pinaceae,Abies,Abies grandis,6,7707728,194,640,3925,2684876,2685361,FALSE,Abies grandis (Douglas ex D.Don) Lindl.,Plantae,R00011,FALSE,NA,NA,NA,NA,NA,NA,NA,NA,NA,Abies grandis,(Douglas ex D.Don) Lindl.,NA,NA,A,FALSE,FALSE,NA,FALSE,NA,FALSE,NA,FALSE,NA,FALSE,NA,Tracheophyta,Pinopsida,Pinales,Pinaceae,NA,NA,NA,NA,NA
2685552,Abies nordmanniana (Steven) Spach,Abies nordmanniana,(Steven) Spach,SPECIES,BOTANICAL,ACCEPTED,Abies,nordmanniana,SCIENTIFIC,<i>Abies</i> <i>nordmanniana</i> (Steven) Spach,EXACT,100,Plantae,Tracheophyta,Pinopsida,Pinales,Pinaceae,Abies,Abies nordmanniana,6,7707728,194,640,3925,2684876,2685552,FALSE,Abies nordmanniana (Steven) Spach,Plantae,R00013,FALSE,NA,NA,NA,NA,NA,NA,NA,NA,NA,Abies nordmanniana,(Steven) Spach,NA,NA,A,FALSE,FALSE,NA,FALSE,NA,FALSE,NA,TRUE,NA,FALSE,NA,Tracheophyta,Pinopsida,Pinales,Pinaceae,NA,NA,NA,NA,NA
2685464,Abies pinsapo Boiss.,Abies pinsapo,Boiss.,SPECIES,NA,ACCEPTED,Abies,pinsapo,SCIENTIFIC,<i>Abies</i> <i>pinsapo</i> Boiss.,EXACT,100,Plantae,Tracheophyta,Pinopsida,Pinales,Pinaceae,Abies,Abies pinsapo,6,7707728,194,640,3925,2684876,2685464,FALSE,Abies pinsapo Boiss.,Plantae,R00014,FALSE,NA,NA,NA,NA,NA,NA,NA,NA,NA,Abies pinsapo,Boiss.,NA,NA,A,FALSE,FALSE,NA,FALSE,NA,FALSE,NA,TRUE,NA,FALSE,NA,Tracheophyta,Pinopsida,Pinales,Pinaceae,NA,NA,NA,NA,NA
2685308,Abies procera Rehd.,Abies procera,Rehd.,SPECIES,NA,ACCEPTED,Abies,procera,SCIENTIFIC,<i>Abies</i> <i>procera</i> Rehd.,EXACT,100,Plantae,Tracheophyta,Pinopsida,Pinales,Pinaceae,Abies,Abies procera,6,7707728,194,640,3925,2684876,2685308,FALSE,Abies procera Rehder,Plantae,R00015,FALSE,NA,NA,NA,NA,NA,NA,NA,NA,NA,Abies procera,Rehder,NA,NA,A,FALSE,FALSE,NA,FALSE,NA,FALSE,NA,FALSE,NA,FALSE,NA,Tracheophyta,Pinopsida,Pinales,Pinaceae,NA,NA,NA,NA,NA
2685654,Abies sibirica Ledeb.,Abies sibirica,Ledeb.,SPECIES,NA,ACCEPTED,Abies,sibirica,SCIENTIFIC,<i>Abies</i> <i>sibirica</i> Ledeb.,EXACT,100,Plantae,Tracheophyta,Pinopsida,Pinales,Pinaceae,Abies,Abies sibirica,6,7707728,194,640,3925,2684876,2685654,FALSE,Abies sibirica Ledeb.,Plantae,R00016,FALSE,NA,NA,NA,NA,NA,NA,NA,NA,NA,Abies sibirica,Ledeb.,NA,NA,A,FALSE,FALSE,NA,FALSE,NA,FALSE,NA,TRUE,NA,FALSE,NA,Tracheophyta,Pinopsida,Pinales,Pinaceae,NA,NA,NA,NA,NA
2685400,Abies veitchii Lindl.,Abies veitchii,Lindl.,SPECIES,NA,ACCEPTED,Abies,veitchii,SCIENTIFIC,<i>Abies</i> <i>veitchii</i> Lindl.,EXACT,100,Plantae,Tracheophyta,Pinopsida,Pinales,Pinaceae,Abies,Abies veitchii,6,7707728,194,640,3925,2684876,2685400,FALSE,Abies veitchii Lindl.,Plantae,R00017,FALSE,NA,NA,NA,NA,NA,NA,NA,NA,NA,Abies veitchii,Lindl.,NA,NA,A,FALSE,FALSE,NA,FALSE,NA,FALSE,NA,FALSE,NA,FALSE,NA,Tracheophyta,Pinopsida,Pinales,Pinaceae,NA,NA,NA,NA,NA
2369165,"Ablennes hians (Valenciennes, 1846)",Ablennes hians,"(Valenciennes, 1846)",SPECIES,ZOOLOGICAL,ACCEPTED,Ablennes,hians,SCIENTIFIC,"<i>Ablennes</i> <i>hians</i> (Valenciennes, 1846)",EXACT,100,Animalia,Chordata,NA,Beloniformes,Belonidae,Ablennes,Ablennes hians,1,44,NA,498,7190,2369164,2369165,FALSE,"Ablennes hians (Valenciennes, 1846)",Animalia,R20136,FALSE,NA,NA,NA,NA,NA,NA,NA,NA,NA,Ablennes hians,"(Valenciennes, 1846)",NA,NA,A,FALSE,FALSE,NA,FALSE,NA,FALSE,NA,FALSE,NA,FALSE,NA,Chordata,Actinopterygii,Beloniformes,Belonidae,NA,NA,NA,NA,NA
1364478,"Ablerus chionaspidis (Howard, 1914)",Ablerus chionaspidis,"(Howard, 1914)",SPECIES,ZOOLOGICAL,ACCEPTED,Ablerus,chionaspidis,SCIENTIFIC,"<i>Ablerus</i> <i>chionaspidis</i> (Howard, 1914)",EXACT,100,Animalia,Arthropoda,Insecta,Hymenoptera,Aphelinidae,Ablerus,Ablerus chionaspidis,1,54,216,1457,5503,1364463,1364478,FALSE,"Ablerus chionaspidis (Howard, 1914)",Animalia,R16884,FALSE,NA,NA,NA,NA,NA,NA,NA,NA,NA,Ablerus chionaspidis,"(Howard, 1914)",NA,NA,A,FALSE,FALSE,NA,FALSE,NA,FALSE,NA,FALSE,NA,FALSE,NA,Arthropoda,Insecta,Hymenoptera,Aphelinidae,NA,NA,NA,NA,NA
1364517,"Ablerus clisiocampae (Ashmead, 1894)",Ablerus clisiocampae,"(Ashmead, 1894)",SPECIES,ZOOLOGICAL,ACCEPTED,Ablerus,clisiocampae,SCIENTIFIC,"<i>Ablerus</i> <i>clisiocampae</i> (Ashmead, 1894)",EXACT,100,Animalia,Arthropoda,Insecta,Hymenoptera,Aphelinidae,Ablerus,Ablerus clisiocampae,1,54,216,1457,5503,1364463,1364517,FALSE,"Ablerus clisiocampae (Ashmead, 1894)",Animalia,R16885,FALSE,NA,NA,NA,NA,NA,NA,NA,NA,NA,Ablerus clisiocampae,"(Ashmead, 1894)",NA,NA,A,FALSE,FALSE,NA,FALSE,NA,FALSE,NA,FALSE,NA,FALSE,NA,Arthropoda,Insecta,Hymenoptera,Aphelinidae,NA,NA,NA,NA,NA
1364531,"Ablerus perspeciosus Girault, 1916",Ablerus perspeciosus,"Girault, 1916",SPECIES,ZOOLOGICAL,ACCEPTED,Ablerus,perspeciosus,SCIENTIFIC,"<i>Ablerus</i> <i>perspeciosus</i> Girault, 1916",EXACT,100,Animalia,Arthropoda,Insecta,Hymenoptera,Aphelinidae,Ablerus,Ablerus perspeciosus,1,54,216,1457,5503,1364463,1364531,FALSE,"Ablerus perspeciosus Girault, 1916",Animalia,R00022,FALSE,NA,NA,NA,NA,NA,NA,NA,NA,NA,Ablerus perspeciosus,"Girault, 1916",NA,NA,A,FALSE,FALSE,NA,FALSE,NA,FALSE,NA,FALSE,NA,FALSE,NA,Arthropoda,Insecta,Hymenoptera,Aphelinidae,NA,NA,NA,NA,NA
9809222,"Abramis brama (Linnaeus, 1758)",Abramis brama,"(Linnaeus, 1758)",SPECIES,ZOOLOGICAL,ACCEPTED,Abramis,brama,SCIENTIFIC,"<i>Abramis</i> <i>brama</i> (Linnaeus, 1758)",EXACT,100,Animalia,Chordata,NA,Cypriniformes,Cyprinidae,Abramis,Abramis brama,1,44,NA,1153,7336,2363407,9809222,FALSE,"Abramis brama (Linnaeus, 1758)",Animalia,R00024,FALSE,NA,NA,NA,NA,NA,NA,NA,NA,NA,Abramis brama,"(Linnaeus, 1758)",NA,NA,A,FALSE,FALSE,NA,FALSE,NA,FALSE,NA,TRUE,NA,FALSE,NA,Chordata,Actinopterygii,Cypriniformes,Cyprinidae,NA,NA,NA,NA,NA
5384889,Abronia fragrans Nutt. ex Hook.,Abronia fragrans,Nutt. ex Hook.,SPECIES,NA,ACCEPTED,Abronia,fragrans,SCIENTIFIC,<i>Abronia</i> <i>fragrans</i> Nutt. ex Hook.,EXACT,100,Plantae,Tracheophyta,Magnoliopsida,Caryophyllales,Nyctaginaceae,Abronia,Abronia fragrans,6,7707728,220,422,6718,3086103,5384889,FALSE,Abronia fragrans Nutt. ex Hook.,Plantae,R00026,FALSE,NA,NA,NA,NA,NA,NA,NA,NA,NA,Abronia fragrans,Nutt. ex Hook.,NA,NA,A,FALSE,FALSE,NA,FALSE,NA,FALSE,NA,FALSE,NA,FALSE,NA,Tracheophyta,Magnoliopsida,Caryophyllales,Nyctaginaceae,NA,NA,NA,NA,NA
2398623,"Abudefduf saxatilis (Linnaeus, 1758)",Abudefduf saxatilis,"(Linnaeus, 1758)",SPECIES,ZOOLOGICAL,ACCEPTED,Abudefduf,saxatilis,SCIENTIFIC,"<i>Abudefduf</i> <i>saxatilis</i> (Linnaeus, 1758)",EXACT,100,Animalia,Chordata,NA,Perciformes,Pomacentridae,Abudefduf,Abudefduf saxatilis,1,44,NA,587,4499,2398621,2398623,FALSE,"Abudefduf cf. saxatilis (Linnaeus, 1758)",Animalia,R20210,FALSE,NA,NA,NA,NA,NA,NA,NA,NA,NA,Abudefduf cf. saxatilis,"(Linnaeus, 1758)",NA,NA,A,FALSE,FALSE,NA,FALSE,NA,FALSE,NA,FALSE,NA,FALSE,NA,Chordata,Actinopterygii,Perciformes,Pomacentridae,NA,NA,NA,NA,NA
2398675,"Abudefduf hoefleri (Steindachner, 1881)",Abudefduf hoefleri,"(Steindachner, 1881)",SPECIES,ZOOLOGICAL,ACCEPTED,Abudefduf,hoefleri,SCIENTIFIC,"<i>Abudefduf</i> <i>hoefleri</i> (Steindachner, 1881)",EXACT,100,Animalia,Chordata,NA,Perciformes,Pomacentridae,Abudefduf,Abudefduf hoefleri,1,44,NA,587,4499,2398621,2398675,FALSE,"Abudefduf hoefleri (Steindachner, 1881)",Animalia,R19331,FALSE,NA,NA,NA,NA,NA,NA,NA,NA,NA,Abudefduf hoefleri,"(Steindachner, 1881)",NA,NA,A,FALSE,FALSE,NA,FALSE,NA,FALSE,NA,FALSE,NA,FALSE,NA,Chordata,Actinopterygii,Perciformes,Pomacentridae,NA,NA,NA,NA,NA
2398623,"Abudefduf saxatilis (Linnaeus, 1758)",Abudefduf saxatilis,"(Linnaeus, 1758)",SPECIES,ZOOLOGICAL,ACCEPTED,Abudefduf,saxatilis,SCIENTIFIC,"<i>Abudefduf</i> <i>saxatilis</i> (Linnaeus, 1758)",EXACT,100,Animalia,Chordata,NA,Perciformes,Pomacentridae,Abudefduf,Abudefduf saxatilis,1,44,NA,587,4499,2398621,2398623,FALSE,"Abudefduf saxatilis (Linnaeus, 1758)",NA,R00027,FALSE,NA,NA,NA,NA,NA,NA,NA,NA,NA,Abudefduf saxatilis,"(Linnaeus, 1758)",NA,NA,A,FALSE,FALSE,NA,FALSE,NA,FALSE,NA,FALSE,NA,FALSE,NA,NA,NA,NA,NA,NA,NA,NA,NA,NA
2398669,"Abudefduf sexfasciatus (Lacepède, 1801)",Abudefduf sexfasciatus,"(Lacepède, 1801)",SPECIES,ZOOLOGICAL,ACCEPTED,Abudefduf,sexfasciatus,SCIENTIFIC,"<i>Abudefduf</i> <i>sexfasciatus</i> (Lacepède, 1801)",EXACT,100,Animalia,Chordata,NA,Perciformes,Pomacentridae,Abudefduf,Abudefduf sexfasciatus,1,44,NA,587,4499,2398621,2398669,FALSE,"Abudefduf sexfasciatus (Lacepède, 1801)",Animalia,R19652,FALSE,NA,NA,NA,NA,NA,NA,NA,NA,NA,Abudefduf sexfasciatus,"(Lacepède, 1801)",NA,NA,A,FALSE,FALSE,NA,FALSE,NA,FALSE,NA,FALSE,NA,FALSE,NA,Chordata,Actinopterygii,Perciformes,Pomacentridae,NA,NA,NA,NA,NA
2398682,"Abudefduf sordidus (Forsskål, 1775)",Abudefduf sordidus,"(Forsskål, 1775)",SPECIES,ZOOLOGICAL,ACCEPTED,Abudefduf,sordidus,SCIENTIFIC,"<i>Abudefduf</i> <i>sordidus</i> (Forsskål, 1775)",EXACT,100,Animalia,Chordata,NA,Perciformes,Pomacentridae,Abudefduf,Abudefduf sordidus,1,44,NA,587,4499,2398621,2398682,FALSE,"Abudefduf sordidus (Forsskål, 1775)",Animalia,R20399,FALSE,NA,NA,NA,NA,NA,NA,NA,NA,NA,Abudefduf sordidus,"(Forsskål, 1775)",NA,NA,A,FALSE,FALSE,NA,FALSE,NA,FALSE,NA,FALSE,NA,FALSE,NA,Chordata,Teleostei,Ovalentaria,Pomacentridae,NA,NA,NA,NA,NA
2398664,"Abudefduf taurus (Müller & Troschel, 1848)",Abudefduf taurus,"(Müller & Troschel, 1848)",SPECIES,ZOOLOGICAL,ACCEPTED,Abudefduf,taurus,SCIENTIFIC,"<i>Abudefduf</i> <i>taurus</i> (Müller & Troschel, 1848)",EXACT,100,Animalia,Chordata,NA,Perciformes,Pomacentridae,Abudefduf,Abudefduf taurus,1,44,NA,587,4499,2398621,2398664,FALSE,"Abudefduf taurus (Müller & Troschel, 1848)",Animalia,R20754,FALSE,NA,NA,NA,NA,NA,NA,NA,NA,NA,Abudefduf taurus,"(Müller & Troschel, 1848)",NA,NA,A,FALSE,FALSE,NA,FALSE,NA,FALSE,NA,FALSE,NA,FALSE,NA,Chordata,Teleostei,Ovalentaria,Pomacentridae,NA,NA,NA,NA,NA
2398634,"Abudefduf vaigiensis (Quoy & Gaimard, 1825)",Abudefduf vaigiensis,"(Quoy & Gaimard, 1825)",SPECIES,ZOOLOGICAL,ACCEPTED,Abudefduf,vaigiensis,SCIENTIFIC,"<i>Abudefduf</i> <i>vaigiensis</i> (Quoy & Gaimard, 1825)",EXACT,100,Animalia,Chordata,NA,Perciformes,Pomacentridae,Abudefduf,Abudefduf vaigiensis,1,44,NA,587,4499,2398621,2398634,FALSE,"Abudefduf vaigiensis (Quoy & Gaimard, 1825)",Animalia,R19332,FALSE,NA,NA,NA,NA,NA,NA,NA,NA,NA,Abudefduf vaigiensis,"(Quoy & Gaimard, 1825)",NA,NA,A,FALSE,FALSE,NA,FALSE,NA,FALSE,NA,FALSE,NA,FALSE,NA,Chordata,Actinopterygii,Perciformes,Pomacentridae,NA,NA,NA,NA,NA
3152633,Abutilon grandifolium (Willd.) Sweet,Abutilon grandifolium,(Willd.) Sweet,SPECIES,BOTANICAL,ACCEPTED,Abutilon,grandifolium,SCIENTIFIC,<i>Abutilon</i> <i>grandifolium</i> (Willd.) Sweet,EXACT,100,Plantae,Tracheophyta,Magnoliopsida,Malvales,Malvaceae,Abutilon,Abutilon grandifolium,6,7707728,220,941,6685,3152599,3152633,FALSE,Abutilon grandifolium (Willd.) Sweet,Plantae,R00030,FALSE,NA,NA,NA,NA,NA,NA,NA,NA,NA,Abutilon grandifolium,(Willd.) Sweet,NA,NA,A,FALSE,FALSE,NA,FALSE,NA,FALSE,NA,FALSE,NA,FALSE,NA,Tracheophyta,Magnoliopsida,Malvales,Malvaceae,NA,NA,NA,NA,NA
3935859,Abutilon sonneratianum (Cav.) Sweet,Abutilon sonneratianum,(Cav.) Sweet,SPECIES,BOTANICAL,ACCEPTED,Abutilon,sonneratianum,SCIENTIFIC,<i>Abutilon</i> <i>sonneratianum</i> (Cav.) Sweet,EXACT,100,Plantae,Tracheophyta,Magnoliopsida,Malvales,Malvaceae,Abutilon,Abutilon sonneratianum,6,7707728,220,941,6685,3152599,3935859,FALSE,Abutilon sonneratianum (Cav.) Sweet,Plantae,R00031,FALSE,NA,NA,NA,NA,NA,NA,NA,NA,NA,Abutilon sonneratianum,(Cav.) Sweet,NA,NA,A,TRUE,FALSE,NA,TRUE,NA,FALSE,NA,FALSE,NA,FALSE,NA,Tracheophyta,Magnoliopsida,Malvales,Malvaceae,NA,NA,NA,NA,NA
3152614,Abutilon theophrasti Medik.,Abutilon theophrasti,Medik.,SPECIES,NA,ACCEPTED,Abutilon,theophrasti,SCIENTIFIC,<i>Abutilon</i> <i>theophrasti</i> Medik.,EXACT,100,Plantae,Tracheophyta,Magnoliopsida,Malvales,Malvaceae,Abutilon,Abutilon theophrasti,6,7707728,220,941,6685,3152599,3152614,FALSE,Abutilon theophrasti Medik.,Plantae,R00033,FALSE,NA,NA,NA,NA,NA,NA,NA,NA,NA,Abutilon theophrasti,Medik.,NA,NA,A,TRUE,FALSE,NA,TRUE,NA,FALSE,NA,TRUE,NA,FALSE,NA,Tracheophyta,Magnoliopsida,Malvales,Malvaceae,NA,NA,NA,NA,NA
2981303,Acacia baileyana F.Muell.,Acacia baileyana,F.Muell.,SPECIES,NA,ACCEPTED,Acacia,baileyana,SCIENTIFIC,<i>Acacia</i> <i>baileyana</i> F.Muell.,EXACT,100,Plantae,Tracheophyta,Magnoliopsida,Fabales,Fabaceae,Acacia,Acacia baileyana,6,7707728,220,1370,5386,2978223,2981303,FALSE,Acacia baileyana F.Muell.,Plantae,R00035,FALSE,NA,NA,NA,NA,NA,NA,NA,NA,NA,Acacia baileyana,F.Muell.,NA,NA,A,TRUE,FALSE,NA,TRUE,NA,FALSE,NA,FALSE,NA,FALSE,NA,Tracheophyta,Magnoliopsida,Fabales,Fabaceae,NA,NA,NA,NA,NA
2979559,Acacia cultriformis A.Cunn. ex G.Don,Acacia cultriformis,A.Cunn. ex G.Don,SPECIES,NA,ACCEPTED,Acacia,cultriformis,SCIENTIFIC,<i>Acacia</i> <i>cultriformis</i> A.Cunn. ex G.Don,EXACT,100,Plantae,Tracheophyta,Magnoliopsida,Fabales,Fabaceae,Acacia,Acacia cultriformis,6,7707728,220,1370,5386,2978223,2979559,FALSE,Acacia cultriformis G.Don,Plantae,R00037,FALSE,NA,NA,NA,NA,NA,NA,NA,NA,NA,Acacia cultriformis,G.Don,NA,NA,A,TRUE,FALSE,NA,TRUE,NA,FALSE,NA,FALSE,NA,FALSE,NA,Tracheophyta,Magnoliopsida,Fabales,Fabaceae,NA,NA,NA,NA,NA
2979474,Acacia dealbata Link,Acacia dealbata,Link,SPECIES,NA,ACCEPTED,Acacia,dealbata,SCIENTIFIC,<i>Acacia</i> <i>dealbata</i> Link,EXACT,100,Plantae,Tracheophyta,Magnoliopsida,Fabales,Fabaceae,Acacia,Acacia dealbata,6,7707728,220,1370,5386,2978223,2979474,FALSE,Acacia dealbata Link s.l.,Plantae,R00039,FALSE,NA,NA,NA,NA,NA,NA,NA,NA,NA,Acacia dealbata,Link s.l.,NA,NA,A,TRUE,FALSE,NA,TRUE,NA,TRUE,NA,FALSE,NA,FALSE,NA,Tracheophyta,Magnoliopsida,Fabales,Fabaceae,NA,NA,NA,NA,NA
2981177,Acacia ligulata A.Cunn. ex Benth.,Acacia ligulata,A.Cunn. ex Benth.,SPECIES,NA,ACCEPTED,Acacia,ligulata,SCIENTIFIC,<i>Acacia</i> <i>ligulata</i> A.Cunn. ex Benth.,EXACT,100,Plantae,Tracheophyta,Magnoliopsida,Fabales,Fabaceae,Acacia,Acacia ligulata,6,7707728,220,1370,5386,2978223,2981177,FALSE,Acacia ligulata Benth.,Plantae,R00043,FALSE,NA,NA,NA,NA,NA,NA,NA,NA,NA,Acacia ligulata,Benth.,NA,NA,A,TRUE,FALSE,NA,TRUE,NA,FALSE,NA,FALSE,NA,FALSE,NA,Tracheophyta,Magnoliopsida,Fabales,Fabaceae,NA,NA,NA,NA,NA
2978730,Acacia longifolia (Andrews) Willd.,Acacia longifolia,(Andrews) Willd.,SPECIES,BOTANICAL,ACCEPTED,Acacia,longifolia,SCIENTIFIC,<i>Acacia</i> <i>longifolia</i> (Andrews) Willd.,EXACT,100,Plantae,Tracheophyta,Magnoliopsida,Fabales,Fabaceae,Acacia,Acacia longifolia,6,7707728,220,1370,5386,2978223,2978730,FALSE,Acacia longifolia (Andrews) Willd.,Plantae,R00044,FALSE,NA,NA,NA,NA,NA,NA,NA,NA,NA,Acacia longifolia,(Andrews) Willd.,NA,NA,A,TRUE,FALSE,NA,TRUE,NA,FALSE,NA,FALSE,NA,FALSE,NA,Tracheophyta,Magnoliopsida,Fabales,Fabaceae,NA,NA,NA,NA,NA
2979775,Acacia mearnsii De Wild.,Acacia mearnsii,De Wild.,SPECIES,NA,ACCEPTED,Acacia,mearnsii,SCIENTIFIC,<i>Acacia</i> <i>mearnsii</i> De Wild.,EXACT,100,Plantae,Tracheophyta,Magnoliopsida,Fabales,Fabaceae,Acacia,Acacia mearnsii,6,7707728,220,1370,5386,2978223,2979775,FALSE,Acacia mearnsii De Wild.,Plantae,R00046,FALSE,NA,NA,NA,NA,NA,NA,NA,NA,NA,Acacia mearnsii,De Wild.,NA,NA,A,TRUE,TRUE,"Acacia mearnsii [as ‘mearnsi’] De Wild., Pl. Bequaert. 3: 61 (1925)",TRUE,NA,FALSE,NA,FALSE,NA,FALSE,NA,Tracheophyta,Magnoliopsida,Fabales,Fabaceae,NA,NA,NA,NA,NA
2979000,Acacia melanoxylon R.Br.,Acacia melanoxylon,R.Br.,SPECIES,NA,ACCEPTED,Acacia,melanoxylon,SCIENTIFIC,<i>Acacia</i> <i>melanoxylon</i> R.Br.,EXACT,100,Plantae,Tracheophyta,Magnoliopsida,Fabales,Fabaceae,Acacia,Acacia melanoxylon,6,7707728,220,1370,5386,2978223,2979000,FALSE,Acacia melanoxylon R.Br.,Plantae,R00047,FALSE,NA,NA,NA,NA,NA,NA,NA,NA,NA,Acacia melanoxylon,R.Br.,NA,NA,A,TRUE,FALSE,NA,TRUE,NA,FALSE,NA,FALSE,NA,FALSE,NA,Tracheophyta,Magnoliopsida,Fabales,Fabaceae,NA,NA,NA,NA,NA
2980432,Acacia neriifolia A.Cunn. ex Benth.,Acacia neriifolia,A.Cunn. ex Benth.,SPECIES,NA,ACCEPTED,Acacia,neriifolia,SCIENTIFIC,<i>Acacia</i> <i>neriifolia</i> A.Cunn. ex Benth.,EXACT,100,Plantae,Tracheophyta,Magnoliopsida,Fabales,Fabaceae,Acacia,Acacia neriifolia,6,7707728,220,1370,5386,2978223,2980432,FALSE,Acacia neriifolia Benth.,Plantae,R00048,FALSE,NA,NA,NA,NA,NA,NA,NA,NA,NA,Acacia neriifolia,Benth.,NA,NA,A,TRUE,FALSE,NA,TRUE,NA,FALSE,NA,FALSE,NA,FALSE,NA,Tracheophyta,Magnoliopsida,Fabales,Fabaceae,NA,NA,NA,NA,NA
2978604,Acacia pycnantha Benth.,Acacia pycnantha,Benth.,SPECIES,NA,ACCEPTED,Acacia,pycnantha,SCIENTIFIC,<i>Acacia</i> <i>pycnantha</i> Benth.,EXACT,100,Plantae,Tracheophyta,Magnoliopsida,Fabales,Fabaceae,Acacia,Acacia pycnantha,6,7707728,220,1370,5386,2978223,2978604,FALSE,Acacia pycnantha Benth.,Plantae,R00050,FALSE,NA,NA,NA,NA,NA,NA,NA,NA,NA,Acacia pycnantha,Benth.,NA,NA,A,TRUE,FALSE,NA,TRUE,NA,FALSE,NA,FALSE,NA,FALSE,NA,Tracheophyta,Magnoliopsida,Fabales,Fabaceae,NA,NA,NA,NA,NA
2979408,Acacia retinodes Schltdl.,Acacia retinodes,Schltdl.,SPECIES,NA,ACCEPTED,Acacia,retinodes,SCIENTIFIC,<i>Acacia</i> <i>retinodes</i> Schltdl.,EXACT,100,Plantae,Tracheophyta,Magnoliopsida,Fabales,Fabaceae,Acacia,Acacia retinodes,6,7707728,220,1370,5386,2978223,2979408,FALSE,Acacia retinodes Schltdl.,Plantae,R00051,FALSE,NA,NA,NA,NA,NA,NA,NA,NA,NA,Acacia retinodes,Schltdl.,NA,NA,A,TRUE,FALSE,NA,TRUE,NA,FALSE,NA,FALSE,NA,FALSE,NA,Tracheophyta,Magnoliopsida,Fabales,Fabaceae,NA,NA,NA,NA,NA
2978548,Acacia salicina Lindl.,Acacia salicina,Lindl.,SPECIES,NA,ACCEPTED,Acacia,salicina,SCIENTIFIC,<i>Acacia</i> <i>salicina</i> Lindl.,EXACT,100,Plantae,Tracheophyta,Magnoliopsida,Fabales,Fabaceae,Acacia,Acacia salicina,6,7707728,220,1370,5386,2978223,2978548,FALSE,Acacia salicina Lindl.,Plantae,R00052,FALSE,NA,NA,NA,NA,NA,NA,NA,NA,NA,Acacia salicina,Lindl.,NA,NA,A,TRUE,FALSE,NA,TRUE,NA,TRUE,NA,FALSE,NA,FALSE,NA,Tracheophyta,Magnoliopsida,Fabales,Fabaceae,NA,NA,NA,NA,NA
2978552,Acacia saligna (Labill.) H.L.Wendl.,Acacia saligna,(Labill.) H.L.Wendl.,SPECIES,BOTANICAL,ACCEPTED,Acacia,saligna,SCIENTIFIC,<i>Acacia</i> <i>saligna</i> (Labill.) H.L.Wendl.,EXACT,100,Plantae,Tracheophyta,Magnoliopsida,Fabales,Fabaceae,Acacia,Acacia saligna,6,7707728,220,1370,5386,2978223,2978552,FALSE,Acacia saligna (Labill.) H.L.Wendl.,Plantae,R00053,FALSE,NA,NA,NA,NA,NA,NA,NA,NA,NA,Acacia saligna,(Labill.) H.L.Wendl.,NA,NA,A,TRUE,TRUE,Acacia saligna (Labill.) H.L.Wendl. (Acacia cyanophylla Lindl.),TRUE,NA,FALSE,NA,FALSE,NA,FALSE,NA,Tracheophyta,Magnoliopsida,Fabales,Fabaceae,NA,NA,NA,NA,NA
2978771,Acacia terminalis (Salisb.) J.F.Macbr.,Acacia terminalis,(Salisb.) J.F.Macbr.,SPECIES,BOTANICAL,ACCEPTED,Acacia,terminalis,SCIENTIFIC,<i>Acacia</i> <i>terminalis</i> (Salisb.) J.F.Macbr.,EXACT,100,Plantae,Tracheophyta,Magnoliopsida,Fabales,Fabaceae,Acacia,Acacia terminalis,6,7707728,220,1370,5386,2978223,2978771,FALSE,Acacia terminalis (Salisb.) J.F.Macbr.,Plantae,R00054,FALSE,NA,NA,NA,NA,NA,NA,NA,NA,NA,Acacia terminalis,(Salisb.) J.F.Macbr.,NA,NA,A,TRUE,FALSE,NA,TRUE,NA,FALSE,NA,FALSE,NA,FALSE,NA,Tracheophyta,Magnoliopsida,Fabales,Fabaceae,NA,NA,NA,NA,NA
2979292,Acacia verticillata (L'Her.) Willd.,Acacia verticillata,(L'Her.) Willd.,SPECIES,BOTANICAL,ACCEPTED,Acacia,verticillata,SCIENTIFIC,<i>Acacia</i> <i>verticillata</i> (L'Her.) Willd.,EXACT,100,Plantae,Tracheophyta,Magnoliopsida,Fabales,Fabaceae,Acacia,Acacia verticillata,6,7707728,220,1370,5386,2978223,2979292,FALSE,Acacia verticillata (L'Her.) Willd.,Plantae,R00055,FALSE,NA,NA,NA,NA,NA,NA,NA,NA,NA,Acacia verticillata,(L'Her.) Willd.,NA,NA,A,TRUE,FALSE,NA,TRUE,NA,FALSE,NA,FALSE,NA,FALSE,NA,Tracheophyta,Magnoliopsida,Fabales,Fabaceae,NA,NA,NA,NA,NA
5370687,Acaena inermis Hook.fil.,Acaena inermis,Hook.fil.,SPECIES,NA,ACCEPTED,Acaena,inermis,SCIENTIFIC,<i>Acaena</i> <i>inermis</i> Hook.fil.,EXACT,100,Plantae,Tracheophyta,Magnoliopsida,Rosales,Rosaceae,Acaena,Acaena inermis,6,7707728,220,691,5015,3031147,5370687,FALSE,Acaena inermis Hook.f.,Plantae,R00057,FALSE,NA,NA,NA,NA,NA,NA,NA,NA,NA,Acaena inermis,Hook.f.,NA,NA,A,FALSE,FALSE,NA,FALSE,NA,FALSE,NA,FALSE,NA,FALSE,NA,Tracheophyta,Magnoliopsida,Rosales,Rosaceae,NA,NA,NA,NA,NA
5370688,Acaena microphylla Hook.fil.,Acaena microphylla,Hook.fil.,SPECIES,NA,ACCEPTED,Acaena,microphylla,SCIENTIFIC,<i>Acaena</i> <i>microphylla</i> Hook.fil.,EXACT,100,Plantae,Tracheophyta,Magnoliopsida,Rosales,Rosaceae,Acaena,Acaena microphylla,6,7707728,220,691,5015,3031147,5370688,FALSE,Acaena microphylla Hook.f.,Plantae,R00058,FALSE,NA,NA,NA,NA,NA,NA,NA,NA,NA,Acaena microphylla,Hook.f.,NA,NA,A,FALSE,FALSE,NA,FALSE,NA,FALSE,NA,FALSE,NA,FALSE,NA,Tracheophyta,Magnoliopsida,Rosales,Rosaceae,NA,NA,NA,NA,NA
5370755,Acaena novae-zelandiae Kirk,Acaena novae-zelandiae,Kirk,SPECIES,NA,ACCEPTED,Acaena,novae-zelandiae,SCIENTIFIC,<i>Acaena</i> <i>novae-zelandiae</i> Kirk,EXACT,100,Plantae,Tracheophyta,Magnoliopsida,Rosales,Rosaceae,Acaena,Acaena novae-zelandiae,6,7707728,220,691,5015,3031147,5370755,FALSE,Acaena novae-zelandiae Kirk,Plantae,R00059,FALSE,NA,NA,NA,NA,NA,NA,NA,NA,NA,Acaena novae-zelandiae,Kirk,NA,NA,A,FALSE,FALSE,NA,FALSE,NA,FALSE,NA,FALSE,NA,FALSE,NA,Tracheophyta,Magnoliopsida,Rosales,Rosaceae,NA,NA,NA,NA,NA
3056835,Acalypha australis L.,Acalypha australis,L.,SPECIES,NA,ACCEPTED,Acalypha,australis,SCIENTIFIC,<i>Acalypha</i> <i>australis</i> L.,EXACT,100,Plantae,Tracheophyta,Magnoliopsida,Malpighiales,Euphorbiaceae,Acalypha,Acalypha australis,6,7707728,220,1414,4691,3055964,3056835,FALSE,Acalypha australis L.,Plantae,R00064,FALSE,NA,NA,NA,NA,NA,NA,NA,NA,NA,Acalypha australis,L.,NA,NA,A,FALSE,FALSE,NA,FALSE,NA,FALSE,NA,FALSE,NA,FALSE,NA,Tracheophyta,Magnoliopsida,Malpighiales,Euphorbiaceae,NA,NA,NA,NA,NA
3056259,Acalypha indica L.,Acalypha indica,L.,SPECIES,NA,ACCEPTED,Acalypha,indica,SCIENTIFIC,<i>Acalypha</i> <i>indica</i> L.,EXACT,100,Plantae,Tracheophyta,Magnoliopsida,Malpighiales,Euphorbiaceae,Acalypha,Acalypha indica,6,7707728,220,1414,4691,3055964,3056259,FALSE,Acalypha indica L.,Plantae,R00065,FALSE,NA,NA,NA,NA,NA,NA,NA,NA,NA,Acalypha indica,L.,NA,NA,A,FALSE,FALSE,NA,FALSE,NA,FALSE,NA,FALSE,NA,FALSE,NA,Tracheophyta,Magnoliopsida,Malpighiales,Euphorbiaceae,NA,NA,NA,NA,NA
8159460,Acalypha ostryifolia Riddell,Acalypha ostryifolia,Riddell,SPECIES,NA,ACCEPTED,Acalypha,ostryifolia,SCIENTIFIC,<i>Acalypha</i> <i>ostryifolia</i> Riddell,EXACT,100,Plantae,Tracheophyta,Magnoliopsida,Malpighiales,Euphorbiaceae,Acalypha,Acalypha ostryifolia,6,7707728,220,1414,4691,3055964,8159460,FALSE,Acalypha ostryifolia Riddell,Plantae,R21247,FALSE,NA,NA,NA,NA,NA,NA,NA,NA,NA,Acalypha ostryifolia,Riddell,NA,NA,A,FALSE,FALSE,NA,FALSE,NA,FALSE,NA,FALSE,NA,FALSE,NA,Tracheophyta,Magnoliopsida,NA,NA,NA,NA,NA,NA,NA
3056384,Acalypha rhomboidea Raf.,Acalypha rhomboidea,Raf.,SPECIES,NA,ACCEPTED,Acalypha,rhomboidea,SCIENTIFIC,<i>Acalypha</i> <i>rhomboidea</i> Raf.,EXACT,100,Plantae,Tracheophyta,Magnoliopsida,Malpighiales,Euphorbiaceae,Acalypha,Acalypha rhomboidea,6,7707728,220,1414,4691,3055964,3056384,FALSE,Acalypha rhomboidea Raf.,Plantae,R21248,FALSE,NA,NA,NA,NA,NA,NA,NA,NA,NA,Acalypha rhomboidea,Raf.,NA,NA,A,FALSE,FALSE,NA,FALSE,NA,FALSE,NA,FALSE,NA,FALSE,NA,Tracheophyta,Magnoliopsida,NA,NA,NA,NA,NA,NA,NA
3057221,Acalypha wilkesiana Müll.Arg.,Acalypha wilkesiana,Müll.Arg.,SPECIES,NA,ACCEPTED,Acalypha,wilkesiana,SCIENTIFIC,<i>Acalypha</i> <i>wilkesiana</i> Müll.Arg.,EXACT,100,Plantae,Tracheophyta,Magnoliopsida,Malpighiales,Euphorbiaceae,Acalypha,Acalypha wilkesiana,6,7707728,220,1414,4691,3055964,3057221,FALSE,Acalypha wilkesiana Müll.Arg.,Plantae,R18764,FALSE,NA,NA,NA,NA,NA,NA,NA,NA,NA,Acalypha wilkesiana,Müll.Arg.,NA,NA,A,FALSE,FALSE,NA,FALSE,NA,FALSE,NA,FALSE,NA,FALSE,NA,Tracheophyta,Magnoliopsida,Malpighiales,Euphorbiaceae,NA,NA,NA,NA,NA
4527322,"Acalyptris platani (Müller-Rutz, 1934) van Nieukerken, 1986",Acalyptris platani,"(Müller-Rutz, 1934) van Nieukerken, 1986",SPECIES,ZOOLOGICAL,ACCEPTED,Acalyptris,platani,SCIENTIFIC,"<i>Acalyptris</i> <i>platani</i> (Müller-Rutz, 1934) van Nieukerken, 1986",EXACT,100,Animalia,Arthropoda,Insecta,Lepidoptera,Nepticulidae,Acalyptris,Acalyptris platani,1,54,216,797,7014,1735625,4527322,FALSE,"Acalyptris platani (Muller-Rutz, 1934)",Animalia,R00067,FALSE,NA,NA,NA,NA,NA,NA,NA,NA,NA,Acalyptris platani,"(Muller-Rutz, 1934)",NA,NA,A,FALSE,FALSE,NA,FALSE,NA,FALSE,NA,TRUE,NA,FALSE,NA,Arthropoda,Insecta,Lepidoptera,Nepticulidae,NA,NA,NA,NA,NA
2064632,"Acanalonia conica (Say, 1830)",Acanalonia conica,"(Say, 1830)",SPECIES,ZOOLOGICAL,ACCEPTED,Acanalonia,conica,SCIENTIFIC,"<i>Acanalonia</i> <i>conica</i> (Say, 1830)",EXACT,100,Animalia,Arthropoda,Insecta,Hemiptera,Acanaloniidae,Acanalonia,Acanalonia conica,1,54,216,809,3311,2064543,2064632,FALSE,"Acanalonia conica (Say, 1830)",Animalia,R00068,FALSE,NA,NA,NA,NA,NA,NA,NA,NA,NA,Acanalonia conica,"(Say, 1830)",NA,NA,A,FALSE,FALSE,NA,FALSE,NA,FALSE,NA,FALSE,NA,FALSE,NA,Arthropoda,Insecta,Hemiptera,Acanaloniidae,NA,NA,NA,NA,NA
4309455,"Acantharctus posteli (Forest, 1963)",Acantharctus posteli,"(Forest, 1963)",SPECIES,ZOOLOGICAL,ACCEPTED,Acantharctus,posteli,SCIENTIFIC,"<i>Acantharctus</i> <i>posteli</i> (Forest, 1963)",EXACT,100,Animalia,Arthropoda,Malacostraca,Decapoda,Scyllaridae,Acantharctus,Acantharctus posteli,1,54,229,637,9685,4309451,4309455,FALSE,"Acantharctus posteli (Forest, 1963)",Animalia,R17484,FALSE,NA,NA,NA,NA,NA,NA,NA,NA,NA,Acantharctus posteli,"(Forest, 1963)",NA,NA,A,FALSE,FALSE,NA,FALSE,NA,FALSE,NA,FALSE,NA,FALSE,NA,Arthropoda,Malacostraca,Decapoda,Scyllaridae,NA,NA,NA,NA,NA
2271208,"Acanthaster planci (Linnaeus, 1758)",Acanthaster planci,"(Linnaeus, 1758)",SPECIES,ZOOLOGICAL,ACCEPTED,Acanthaster,planci,SCIENTIFIC,"<i>Acanthaster</i> <i>planci</i> (Linnaeus, 1758)",EXACT,100,Animalia,Echinodermata,Asteroidea,Valvatida,Acanthasteridae,Acanthaster,Acanthaster planci,1,50,214,810,9477,2271207,2271208,FALSE,"Acanthaster planci (Linnaeus, 1758)",Animalia,R16519,FALSE,NA,NA,NA,NA,NA,NA,NA,NA,NA,Acanthaster planci,"(Linnaeus, 1758)",NA,NA,A,TRUE,FALSE,NA,TRUE,NA,FALSE,NA,FALSE,NA,FALSE,NA,Echinodermata,Asteroidea,Valvatida,Acanthasteridae,NA,NA,NA,NA,NA
10595482,"Acanthocinus aedilis (Linnaeus, 1758)",Acanthocinus aedilis,"(Linnaeus, 1758)",SPECIES,ZOOLOGICAL,ACCEPTED,Acanthocinus,aedilis,SCIENTIFIC,"<i>Acanthocinus</i> <i>aedilis</i> (Linnaeus, 1758)",EXACT,100,Animalia,Arthropoda,Insecta,Coleoptera,Cerambycidae,Acanthocinus,Acanthocinus aedilis,1,54,216,1470,5602,1102071,10595482,FALSE,"Acanthocinus aedilis (Linnaeus, 1758)",Animalia,R00072,FALSE,NA,NA,NA,NA,NA,NA,NA,NA,NA,Acanthocinus aedilis,"(Linnaeus, 1758)",NA,NA,A,FALSE,FALSE,NA,FALSE,NA,FALSE,NA,TRUE,NA,FALSE,NA,Arthropoda,Insecta,Coleoptera,Cerambycidae,NA,NA,NA,NA,NA
4459446,"Acanthocinus griseus (Fabricius, 1793)",Acanthocinus griseus,"(Fabricius, 1793)",SPECIES,ZOOLOGICAL,ACCEPTED,Acanthocinus,griseus,SCIENTIFIC,"<i>Acanthocinus</i> <i>griseus</i> (Fabricius, 1793)",EXACT,100,Animalia,Arthropoda,Insecta,Coleoptera,Cerambycidae,Acanthocinus,Acanthocinus griseus,1,54,216,1470,5602,1102071,4459446,FALSE,"Acanthocinus griseus (Fabricius, 1793)",Animalia,R00074,FALSE,NA,NA,NA,NA,NA,NA,NA,NA,NA,Acanthocinus griseus,"(Fabricius, 1793)",NA,NA,A,FALSE,FALSE,NA,FALSE,NA,FALSE,NA,TRUE,NA,FALSE,NA,Arthropoda,Insecta,Coleoptera,Cerambycidae,NA,NA,NA,NA,NA
1102084,"Acanthocinus reticulatus (Razoumowsky, 1789)",Acanthocinus reticulatus,"(Razoumowsky, 1789)",SPECIES,ZOOLOGICAL,ACCEPTED,Acanthocinus,reticulatus,SCIENTIFIC,"<i>Acanthocinus</i> <i>reticulatus</i> (Razoumowsky, 1789)",EXACT,100,Animalia,Arthropoda,Insecta,Coleoptera,Cerambycidae,Acanthocinus,Acanthocinus reticulatus,1,54,216,1470,5602,1102071,1102084,FALSE,"Acanthocinus reticulatus (Razoumowsky, 1789)",Animalia,R00075,FALSE,NA,NA,NA,NA,NA,NA,NA,NA,NA,Acanthocinus reticulatus,"(Razoumowsky, 1789)",NA,NA,A,FALSE,FALSE,NA,FALSE,NA,FALSE,NA,TRUE,NA,FALSE,NA,Arthropoda,Insecta,Coleoptera,Cerambycidae,NA,NA,NA,NA,NA
4449493,"Acanthocnemus nigricans (Hope, 1845)",Acanthocnemus nigricans,"(Hope, 1845)",SPECIES,ZOOLOGICAL,ACCEPTED,Acanthocnemus,nigricans,SCIENTIFIC,"<i>Acanthocnemus</i> <i>nigricans</i> (Hope, 1845)",EXACT,100,Animalia,Arthropoda,Insecta,Coleoptera,Acanthocnemidae,Acanthocnemus,Acanthocnemus nigricans,1,54,216,1470,4290677,4406162,4449493,FALSE,"Acanthocnemus nigricans (Hope, 1845)",Animalia,R00076,FALSE,NA,NA,NA,NA,NA,NA,NA,NA,NA,Acanthocnemus nigricans,"(Hope, 1845)",NA,NA,A,FALSE,FALSE,NA,FALSE,NA,FALSE,NA,FALSE,NA,FALSE,NA,Arthropoda,Insecta,Coleoptera,Acanthocnemidae,NA,NA,NA,NA,NA
1248774,"Acantholyda erythrocephala (Linnaeus, 1758)",Acantholyda erythrocephala,"(Linnaeus, 1758)",SPECIES,ZOOLOGICAL,ACCEPTED,Acantholyda,erythrocephala,SCIENTIFIC,"<i>Acantholyda</i> <i>erythrocephala</i> (Linnaeus, 1758)",EXACT,100,Animalia,Arthropoda,Insecta,Hymenoptera,Pamphiliidae,Acantholyda,Acantholyda erythrocephala,1,54,216,1457,4346,1248773,1248774,FALSE,Acantholyda erythrocephala (Linnaeus),Animalia,R00079,FALSE,NA,NA,NA,NA,NA,NA,NA,NA,NA,Acantholyda erythrocephala,(Linnaeus),NA,NA,A,FALSE,FALSE,NA,FALSE,NA,FALSE,NA,TRUE,NA,FALSE,NA,Arthropoda,Insecta,Hymenoptera,Pamphiliidae,NA,NA,NA,NA,NA
4492363,"Acantholyda laricis (Giraud, 1861)",Acantholyda laricis,"(Giraud, 1861)",SPECIES,ZOOLOGICAL,ACCEPTED,Acantholyda,laricis,SCIENTIFIC,"<i>Acantholyda</i> <i>laricis</i> (Giraud, 1861)",EXACT,100,Animalia,Arthropoda,Insecta,Hymenoptera,Pamphiliidae,Acantholyda,Acantholyda laricis,1,54,216,1457,4346,1248773,4492363,FALSE,"Acantholyda laricis (Giraud, 1861)",Animalia,R00080,FALSE,NA,NA,NA,NA,NA,NA,NA,NA,NA,Acantholyda laricis,"(Giraud, 1861)",NA,NA,A,FALSE,FALSE,NA,FALSE,NA,FALSE,NA,TRUE,NA,FALSE,NA,Arthropoda,Insecta,Hymenoptera,Pamphiliidae,NA,NA,NA,NA,NA
2392311,"Acanthopagrus bifasciatus (Forsskål, 1775)",Acanthopagrus bifasciatus,"(Forsskål, 1775)",SPECIES,ZOOLOGICAL,ACCEPTED,Acanthopagrus,bifasciatus,SCIENTIFIC,"<i>Acanthopagrus</i> <i>bifasciatus</i> (Forsskål, 1775)",EXACT,100,Animalia,Chordata,NA,Perciformes,Sparidae,Acanthopagrus,Acanthopagrus bifasciatus,1,44,NA,587,5068,2392269,2392311,FALSE,"Acanthopagrus bifasciatus (Forsskål, 1775)",Animalia,R18239,FALSE,NA,NA,NA,NA,NA,NA,NA,NA,NA,Acanthopagrus bifasciatus,"(Forsskål, 1775)",NA,NA,A,FALSE,FALSE,NA,FALSE,NA,FALSE,NA,FALSE,NA,FALSE,NA,Chordata,Actinopterygii,Perciformes,Sparidae,NA,NA,NA,NA,NA
5277297,Acanthophora spicifera (M.Vahl) Børgesen,Acanthophora spicifera,(M.Vahl) Børgesen,SPECIES,BOTANICAL,ACCEPTED,Acanthophora,spicifera,SCIENTIFIC,<i>Acanthophora</i> <i>spicifera</i> (M.Vahl) Børgesen,EXACT,100,Plantae,Rhodophyta,Florideophyceae,Ceramiales,Rhodomelaceae,Acanthophora,Acanthophora spicifera,6,106,342,665,4895,2659277,5277297,FALSE,Acanthophora spicifera (M.Vahl) Børgesen,Plantae,R00083,FALSE,NA,NA,NA,NA,NA,NA,NA,NA,NA,Acanthophora spicifera,(M.Vahl) Børgesen,NA,NA,A,FALSE,FALSE,NA,FALSE,NA,FALSE,NA,FALSE,NA,TRUE,NA,Rhodophyta,Florideophyceae,Ceramiales,Rhodomelaceae,NA,NA,NA,NA,NA
1047525,"Acanthoscelides obtectus (Say, 1831)",Acanthoscelides obtectus,"(Say, 1831)",SPECIES,ZOOLOGICAL,ACCEPTED,Acanthoscelides,obtectus,SCIENTIFIC,"<i>Acanthoscelides</i> <i>obtectus</i> (Say, 1831)",EXACT,100,Animalia,Arthropoda,Insecta,Coleoptera,Chrysomelidae,Acanthoscelides,Acanthoscelides obtectus,1,54,216,1470,7780,1047479,1047525,FALSE,"Acanthoscelides obtectus (Say, 1831)",Animalia,R00085,FALSE,NA,NA,NA,NA,NA,NA,NA,NA,NA,Acanthoscelides obtectus,"(Say, 1831)",NA,NA,A,FALSE,FALSE,NA,FALSE,NA,FALSE,NA,FALSE,NA,FALSE,NA,Arthropoda,Insecta,Coleoptera,Chrysomelidae,NA,NA,NA,NA,NA
2153823,"Acanthoscurria geniculata (C.L.Koch, 1841)",Acanthoscurria geniculata,"(C.L.Koch, 1841)",SPECIES,ZOOLOGICAL,ACCEPTED,Acanthoscurria,geniculata,SCIENTIFIC,"<i>Acanthoscurria</i> <i>geniculata</i> (C.L.Koch, 1841)",EXACT,100,Animalia,Arthropoda,Arachnida,Araneae,Theraphosidae,Acanthoscurria,Acanthoscurria geniculata,1,54,367,1496,5650,2153799,2153823,FALSE,"Acanthoscurria geniculata (C.L.Koch, 1841)",Animalia,R00087,FALSE,NA,NA,NA,NA,NA,NA,NA,NA,NA,Acanthoscurria geniculata,"(C.L.Koch, 1841)",NA,NA,A,FALSE,FALSE,NA,FALSE,NA,FALSE,NA,FALSE,NA,FALSE,NA,Arthropoda,Arachnida,Araneae,Theraphosidae,NA,NA,NA,NA,NA
3100375,Acanthospermum hispidum DC.,Acanthospermum hispidum,DC.,SPECIES,NA,ACCEPTED,Acanthospermum,hispidum,SCIENTIFIC,<i>Acanthospermum</i> <i>hispidum</i> DC.,EXACT,100,Plantae,Tracheophyta,Magnoliopsida,Asterales,Asteraceae,Acanthospermum,Acanthospermum hispidum,6,7707728,220,414,3065,3100362,3100375,FALSE,Acanthospermum hispidum DC.,Plantae,R00088,FALSE,NA,NA,NA,NA,NA,NA,NA,NA,NA,Acanthospermum hispidum,DC.,NA,NA,A,TRUE,FALSE,NA,FALSE,NA,FALSE,NA,FALSE,NA,FALSE,NA,Tracheophyta,Magnoliopsida,Asterales,Asteraceae,NA,NA,NA,NA,NA
3100377,Acanthospermum humile (Sw.) DC.,Acanthospermum humile,(Sw.) DC.,SPECIES,BOTANICAL,ACCEPTED,Acanthospermum,humile,SCIENTIFIC,<i>Acanthospermum</i> <i>humile</i> (Sw.) DC.,EXACT,100,Plantae,Tracheophyta,Magnoliopsida,Asterales,Asteraceae,Acanthospermum,Acanthospermum humile,6,7707728,220,414,3065,3100362,3100377,FALSE,Acanthospermum humile (Sw.) DC.,Plantae,R00089,FALSE,NA,NA,NA,NA,NA,NA,NA,NA,NA,Acanthospermum humile,(Sw.) DC.,NA,NA,A,FALSE,FALSE,NA,FALSE,NA,FALSE,NA,FALSE,NA,FALSE,NA,Tracheophyta,Magnoliopsida,Asterales,Asteraceae,NA,NA,NA,NA,NA
2408186,"Acanthostracion polygonius Poey, 1876",Acanthostracion polygonius,"Poey, 1876",SPECIES,ZOOLOGICAL,ACCEPTED,Acanthostracion,polygonius,SCIENTIFIC,"<i>Acanthostracion</i> <i>polygonius</i> Poey, 1876",VARIANT,100,Animalia,Chordata,NA,Tetraodontiformes,Ostraciidae,Acanthostracion,Acanthostracion polygonius,1,44,NA,772,2220,2408180,2408186,FALSE,"Acanthostracion polygonium Poey, 1876",Animalia,R20755,FALSE,NA,NA,NA,NA,NA,NA,NA,NA,NA,Acanthostracion polygonium,"Poey, 1876",NA,NA,A,FALSE,FALSE,NA,FALSE,NA,FALSE,NA,FALSE,NA,FALSE,NA,Chordata,Teleostei,Tetraodontiformes,Ostraciidae,NA,NA,NA,NA,NA
3142611,Acanthostyles buniifolius (Hook. & Arn.) R.M.King & H.Rob.,Acanthostyles buniifolius,(Hook. & Arn.) R.M.King & H.Rob.,SPECIES,BOTANICAL,ACCEPTED,Acanthostyles,buniifolius,SCIENTIFIC,<i>Acanthostyles</i> <i>buniifolius</i> (Hook. & Arn.) R.M.King & H.Rob.,EXACT,100,Plantae,Tracheophyta,Magnoliopsida,Asterales,Asteraceae,Acanthostyles,Acanthostyles buniifolius,6,7707728,220,414,3065,6063883,3142611,FALSE,Acanthostyles buniifolius (Hook. ex Hook. & Arn.) R.M.King & H.Rob.,Plantae,R19907,FALSE,NA,NA,NA,NA,NA,NA,NA,NA,NA,Acanthostyles buniifolius,(Hook. ex Hook. & Arn.) R.M.King & H.Rob.,NA,NA,A,FALSE,FALSE,NA,FALSE,NA,FALSE,NA,FALSE,NA,FALSE,NA,Tracheophyta,Magnoliopsida,Asterales,Asteraceae,NA,NA,NA,NA,NA
1412626,"Acanthoxyla geisovii (Kaup, 1866)",Acanthoxyla geisovii,"(Kaup, 1866)",SPECIES,ZOOLOGICAL,ACCEPTED,Acanthoxyla,geisovii,SCIENTIFIC,"<i>Acanthoxyla</i> <i>geisovii</i> (Kaup, 1866)",EXACT,100,Animalia,Arthropoda,Insecta,Phasmida,Phasmatidae,Acanthoxyla,Acanthoxyla geisovii,1,54,216,1460,5108,1412615,1412626,FALSE,"Acanthoxyla geisovii (Kaup, 1866)",Animalia,R00090,FALSE,NA,NA,NA,NA,NA,NA,NA,NA,NA,Acanthoxyla geisovii,"(Kaup, 1866)",NA,NA,A,FALSE,FALSE,NA,FALSE,NA,FALSE,NA,FALSE,NA,FALSE,NA,Arthropoda,Insecta,Phasmatodea,Phasmatidae,NA,NA,NA,NA,NA
1412616,"Acanthoxyla inermis Salmon, 1955",Acanthoxyla inermis,"Salmon, 1955",SPECIES,ZOOLOGICAL,ACCEPTED,Acanthoxyla,inermis,SCIENTIFIC,"<i>Acanthoxyla</i> <i>inermis</i> Salmon, 1955",EXACT,100,Animalia,Arthropoda,Insecta,Phasmida,Phasmatidae,Acanthoxyla,Acanthoxyla inermis,1,54,216,1460,5108,1412615,1412616,FALSE,"Acanthoxyla inermis Salmon, 1955",Animalia,R00091,FALSE,NA,NA,NA,NA,NA,NA,NA,NA,NA,Acanthoxyla inermis,"Salmon, 1955",NA,NA,A,FALSE,FALSE,NA,FALSE,NA,FALSE,NA,FALSE,NA,FALSE,NA,Arthropoda,Insecta,Phasmatodea,Phasmatidae,NA,NA,NA,NA,NA
5209181,"Acanthurus bahianus Castelnau, 1855",Acanthurus bahianus,"Castelnau, 1855",SPECIES,ZOOLOGICAL,ACCEPTED,Acanthurus,bahianus,SCIENTIFIC,"<i>Acanthurus</i> <i>bahianus</i> Castelnau, 1855",EXACT,100,Animalia,Chordata,NA,Perciformes,Acanthuridae,Acanthurus,Acanthurus bahianus,1,44,NA,587,4233,2379647,5209181,FALSE,"Acanthurus bahianus Castelnau, 1855",Animalia,R20400,FALSE,NA,NA,NA,NA,NA,NA,NA,NA,NA,Acanthurus bahianus,"Castelnau, 1855",NA,NA,A,FALSE,FALSE,NA,FALSE,NA,FALSE,NA,FALSE,NA,FALSE,NA,Chordata,Teleostei,Acanthuriformes,Acanthuridae,NA,NA,NA,NA,NA
5209174,"Acanthurus chirurgus (Bloch, 1787)",Acanthurus chirurgus,"(Bloch, 1787)",SPECIES,ZOOLOGICAL,ACCEPTED,Acanthurus,chirurgus,SCIENTIFIC,"<i>Acanthurus</i> <i>chirurgus</i> (Bloch, 1787)",EXACT,100,Animalia,Chordata,NA,Perciformes,Acanthuridae,Acanthurus,Acanthurus chirurgus,1,44,NA,587,4233,2379647,5209174,FALSE,"Acanthurus chirurgus (Bloch, 1787)",Animalia,R19333,FALSE,NA,NA,NA,NA,NA,NA,NA,NA,NA,Acanthurus chirurgus,"(Bloch, 1787)",NA,NA,A,FALSE,FALSE,NA,FALSE,NA,FALSE,NA,FALSE,NA,FALSE,NA,Chordata,Actinopterygii,Perciformes,Acanthuridae,NA,NA,NA,NA,NA
5209188,"Acanthurus coeruleus Bloch & Schneider, 1801",Acanthurus coeruleus,"Bloch & Schneider, 1801",SPECIES,ZOOLOGICAL,ACCEPTED,Acanthurus,coeruleus,SCIENTIFIC,"<i>Acanthurus</i> <i>coeruleus</i> Bloch & Schneider, 1801",EXACT,100,Animalia,Chordata,NA,Perciformes,Acanthuridae,Acanthurus,Acanthurus coeruleus,1,44,NA,587,4233,2379647,5209188,FALSE,"Acanthurus coeruleus Bloch & Schneider, 1801",Animalia,R19118,FALSE,NA,NA,NA,NA,NA,NA,NA,NA,NA,Acanthurus coeruleus,"Bloch & Schneider, 1801",NA,NA,A,FALSE,FALSE,NA,FALSE,NA,FALSE,NA,FALSE,NA,FALSE,NA,Chordata,Actinopterygii,Perciformes,Acanthuridae,NA,NA,NA,NA,NA
5209173,"Acanthurus monroviae Steindachner, 1876",Acanthurus monroviae,"Steindachner, 1876",SPECIES,ZOOLOGICAL,ACCEPTED,Acanthurus,monroviae,SCIENTIFIC,"<i>Acanthurus</i> <i>monroviae</i> Steindachner, 1876",EXACT,100,Animalia,Chordata,NA,Perciformes,Acanthuridae,Acanthurus,Acanthurus monroviae,1,44,NA,587,4233,2379647,5209173,FALSE,"Acanthurus monroviae Steindachner, 1876",Animalia,R00094,FALSE,NA,NA,NA,NA,NA,NA,NA,NA,NA,Acanthurus monroviae,"Steindachner, 1876",NA,NA,A,FALSE,FALSE,NA,FALSE,NA,FALSE,NA,FALSE,NA,FALSE,NA,Chordata,Teleostei,Acanthuriformes,Acanthuridae,NA,NA,NA,NA,NA
5209184,"Acanthurus sohal (Forsskål, 1775)",Acanthurus sohal,"(Forsskål, 1775)",SPECIES,ZOOLOGICAL,ACCEPTED,Acanthurus,sohal,SCIENTIFIC,"<i>Acanthurus</i> <i>sohal</i> (Forsskål, 1775)",EXACT,100,Animalia,Chordata,NA,Perciformes,Acanthuridae,Acanthurus,Acanthurus sohal,1,44,NA,587,4233,2379647,5209184,FALSE,"Acanthurus sohal (Forsskål, 1775)",Animalia,R19653,FALSE,NA,NA,NA,NA,NA,NA,NA,NA,NA,Acanthurus sohal,"(Forsskål, 1775)",NA,NA,A,FALSE,FALSE,NA,FALSE,NA,FALSE,NA,FALSE,NA,FALSE,NA,Chordata,Actinopterygii,Perciformes,Acanthuridae,NA,NA,NA,NA,NA
5209252,"Acanthurus xanthopterus Valenciennes, 1835",Acanthurus xanthopterus,"Valenciennes, 1835",SPECIES,ZOOLOGICAL,ACCEPTED,Acanthurus,xanthopterus,SCIENTIFIC,"<i>Acanthurus</i> <i>xanthopterus</i> Valenciennes, 1835",EXACT,100,Animalia,Chordata,NA,Perciformes,Acanthuridae,Acanthurus,Acanthurus xanthopterus,1,44,NA,587,4233,2379647,5209252,FALSE,"Acanthurus xanthopterus Valenciennes, 1835",Animalia,R22113,FALSE,NA,NA,NA,NA,NA,NA,NA,NA,NA,Acanthurus xanthopterus,"Valenciennes, 1835",NA,NA,A,FALSE,FALSE,NA,FALSE,NA,FALSE,NA,FALSE,NA,FALSE,NA,Chordata,Teleostei,Acanthuriformes,Acanthuridae,NA,NA,NA,NA,NA
5574054,Acanthus arboreus Forssk.,Acanthus arboreus,Forssk.,SPECIES,NA,ACCEPTED,Acanthus,arboreus,SCIENTIFIC,<i>Acanthus</i> <i>arboreus</i> Forssk.,EXACT,100,Plantae,Tracheophyta,Magnoliopsida,Lamiales,Acanthaceae,Acanthus,Acanthus arboreus,6,7707728,220,408,2393,3173198,5574054,FALSE,Acanthus arboreus Forssk.,Plantae,R21251,FALSE,NA,NA,NA,NA,NA,NA,NA,NA,NA,Acanthus arboreus,Forssk.,NA,NA,A,FALSE,FALSE,NA,FALSE,NA,FALSE,NA,FALSE,NA,FALSE,NA,Tracheophyta,Magnoliopsida,NA,NA,NA,NA,NA,NA,NA
5415455,Acanthus mollis L.,Acanthus mollis,L.,SPECIES,NA,ACCEPTED,Acanthus,mollis,SCIENTIFIC,<i>Acanthus</i> <i>mollis</i> L.,EXACT,100,Plantae,Tracheophyta,Magnoliopsida,Lamiales,Acanthaceae,Acanthus,Acanthus mollis,6,7707728,220,408,2393,3173198,5415455,FALSE,Acanthus mollis L.,Plantae,R00095,FALSE,NA,NA,NA,NA,NA,NA,NA,NA,NA,Acanthus mollis,L.,NA,NA,A,TRUE,FALSE,NA,TRUE,NA,FALSE,NA,TRUE,NA,FALSE,NA,Tracheophyta,Magnoliopsida,Scrophulariales,Acanthaceae,NA,NA,NA,NA,NA
5415453,Acanthus spinosus L.,Acanthus spinosus,L.,SPECIES,NA,ACCEPTED,Acanthus,spinosus,SCIENTIFIC,<i>Acanthus</i> <i>spinosus</i> L.,EXACT,100,Plantae,Tracheophyta,Magnoliopsida,Lamiales,Acanthaceae,Acanthus,Acanthus spinosus,6,7707728,220,408,2393,3173198,5415453,FALSE,Acanthus spinosus L.,Plantae,R00096,FALSE,NA,NA,NA,NA,NA,NA,NA,NA,NA,Acanthus spinosus,L.,NA,NA,A,FALSE,FALSE,NA,FALSE,NA,FALSE,NA,TRUE,NA,FALSE,NA,Tracheophyta,Magnoliopsida,Scrophulariales,Acanthaceae,NA,NA,NA,NA,NA
4543508,"Acaphylla theae (Watt, 1898)",Acaphylla theae,"(Watt, 1898)",SPECIES,ZOOLOGICAL,ACCEPTED,Acaphylla,theae,SCIENTIFIC,"<i>Acaphylla</i> <i>theae</i> (Watt, 1898)",EXACT,100,Animalia,Arthropoda,Arachnida,Trombidiformes,Eriophyidae,Acaphylla,Acaphylla theae,1,54,367,543,2816,4406042,4543508,FALSE,"Acaphylla theae (Watt, 1898)",Animalia,R00097,FALSE,NA,NA,NA,NA,NA,NA,NA,NA,NA,Acaphylla theae,"(Watt, 1898)",NA,NA,A,FALSE,FALSE,NA,FALSE,NA,FALSE,NA,FALSE,NA,FALSE,NA,Arthropoda,Arachnida,Prostigmata,Eriophyidae,NA,NA,NA,NA,NA
4373187,"Acar plicata (Dillwyn, 1817)",Acar plicata,"(Dillwyn, 1817)",SPECIES,ZOOLOGICAL,ACCEPTED,Acar,plicata,SCIENTIFIC,"<i>Acar</i> <i>plicata</i> (Dillwyn, 1817)",EXACT,100,Animalia,Mollusca,Bivalvia,Arcida,Arcidae,Acar,Acar plicata,1,52,137,9574493,3483,2286206,4373187,FALSE,"Acar plicata (Dillwyn, 1817)",Animalia,R00099,FALSE,NA,NA,NA,NA,NA,NA,NA,NA,NA,Acar plicata,"(Dillwyn, 1817)",NA,NA,A,FALSE,FALSE,NA,FALSE,NA,FALSE,NA,FALSE,NA,FALSE,NA,Mollusca,Bivalvia,Arcoida,Arcidae,NA,NA,NA,NA,NA
4543512,"Acaricalus hederae (Keifer, 1939)",Acaricalus hederae,"(Keifer, 1939)",SPECIES,ZOOLOGICAL,ACCEPTED,Acaricalus,hederae,SCIENTIFIC,"<i>Acaricalus</i> <i>hederae</i> (Keifer, 1939)",EXACT,100,Animalia,Arthropoda,Arachnida,Trombidiformes,Eriophyidae,Acaricalus,Acaricalus hederae,1,54,367,543,2816,4406020,4543512,FALSE,"Acaricalus hederae (Keifer, 1939)",Animalia,R16886,FALSE,NA,NA,NA,NA,NA,NA,NA,NA,NA,Acaricalus hederae,"(Keifer, 1939)",NA,NA,A,FALSE,FALSE,NA,FALSE,NA,FALSE,NA,FALSE,NA,FALSE,NA,Arthropoda,Arachnida,Prostigmata,Eriophyidae,NA,NA,NA,NA,NA
4333247,"Acartia omorii Bradford, 1976",Acartia omorii,"Bradford, 1976",SPECIES,ZOOLOGICAL,ACCEPTED,Acartia,omorii,SCIENTIFIC,"<i>Acartia</i> <i>omorii</i> Bradford, 1976",EXACT,100,Animalia,Arthropoda,Copepoda,Calanoida,Acartiidae,Acartia,Acartia omorii,1,54,11545536,679,8961,2114424,4333247,FALSE,"Acartia (Acartiura) omorii Bradford, 1976",Animalia,R00102,FALSE,NA,NA,NA,NA,NA,NA,NA,NA,NA,Acartia (Acartiura) omorii,"Bradford, 1976",NA,NA,A,FALSE,FALSE,NA,FALSE,NA,FALSE,NA,FALSE,NA,FALSE,NA,Arthropoda,Maxillopoda,Calanoida,Acartiidae,NA,NA,NA,NA,NA
4333235,"Acartia centrura Giesbrecht, 1889",Acartia centrura,"Giesbrecht, 1889",SPECIES,ZOOLOGICAL,ACCEPTED,Acartia,centrura,SCIENTIFIC,"<i>Acartia</i> <i>centrura</i> Giesbrecht, 1889",EXACT,100,Animalia,Arthropoda,Copepoda,Calanoida,Acartiidae,Acartia,Acartia centrura,1,54,11545536,679,8961,2114424,4333235,FALSE,"Acartia (Odontacartia) centrura Giesbrecht, 1889",Animalia,R16354,FALSE,NA,NA,NA,NA,NA,NA,NA,NA,NA,Acartia (Odontacartia) centrura,"Giesbrecht, 1889",NA,NA,A,FALSE,FALSE,NA,FALSE,NA,FALSE,NA,FALSE,NA,FALSE,NA,Arthropoda,Maxillopoda,Calanoida,Acartiidae,NA,NA,NA,NA,NA
9240761,"Accanthopus velikensis (Piller & Mitterpacher, 1783)",Accanthopus velikensis,"(Piller & Mitterpacher, 1783)",SPECIES,ZOOLOGICAL,ACCEPTED,Accanthopus,velikensis,SCIENTIFIC,"<i>Accanthopus</i> <i>velikensis</i> (Piller & Mitterpacher, 1783)",EXACT,100,Animalia,Arthropoda,Insecta,Coleoptera,Tenebrionidae,Accanthopus,Accanthopus velikensis,1,54,216,1470,7857,4716690,9240761,FALSE,"Accanthopus velikensis (Piller & Mitterpacher, 1783)",Animalia,R21252,FALSE,NA,NA,NA,NA,NA,NA,NA,NA,NA,Accanthopus velikensis,"(Piller & Mitterpacher, 1783)",NA,NA,A,FALSE,FALSE,NA,FALSE,NA,FALSE,NA,FALSE,NA,FALSE,NA,Arthropoda,Insecta,NA,NA,NA,NA,NA,NA,NA
2480637,"Accipiter nisus (Linnaeus, 1758)",Accipiter nisus,"(Linnaeus, 1758)",SPECIES,ZOOLOGICAL,ACCEPTED,Accipiter,nisus,SCIENTIFIC,"<i>Accipiter</i> <i>nisus</i> (Linnaeus, 1758)",EXACT,100,Animalia,Chordata,Aves,Accipitriformes,Accipitridae,Accipiter,Accipiter nisus,1,44,212,7191147,2877,9405810,2480637,FALSE,"Accipiter nisus (Linnaeus, 1758)",Animalia,R00107,FALSE,NA,NA,NA,NA,NA,NA,NA,NA,NA,Accipiter nisus,"(Linnaeus, 1758)",NA,NA,A,FALSE,FALSE,NA,FALSE,NA,FALSE,NA,TRUE,NA,FALSE,NA,Chordata,Aves,Ciconiiformes,Accipitridae,NA,NA,NA,NA,NA
7100404,Acer buergerianum Miq.,Acer buergerianum,Miq.,SPECIES,NA,ACCEPTED,Acer,buergerianum,SCIENTIFIC,<i>Acer</i> <i>buergerianum</i> Miq.,EXACT,100,Plantae,Tracheophyta,Magnoliopsida,Sapindales,Sapindaceae,Acer,Acer buergerianum,6,7707728,220,933,6657,3189834,7100404,FALSE,Acer buergerianum Miq.,Plantae,R21253,FALSE,NA,NA,NA,NA,NA,NA,NA,NA,NA,Acer buergerianum,Miq.,NA,NA,A,FALSE,FALSE,NA,FALSE,NA,FALSE,NA,FALSE,NA,FALSE,NA,Tracheophyta,Magnoliopsida,NA,NA,NA,NA,NA,NA,NA
3189863,Acer campestre L.,Acer campestre,L.,SPECIES,NA,ACCEPTED,Acer,campestre,SCIENTIFIC,<i>Acer</i> <i>campestre</i> L.,EXACT,100,Plantae,Tracheophyta,Magnoliopsida,Sapindales,Sapindaceae,Acer,Acer campestre,6,7707728,220,933,6657,3189834,3189863,FALSE,Acer campestre L.,Plantae,R00109,FALSE,NA,NA,NA,NA,NA,NA,NA,NA,NA,Acer campestre,L.,NA,NA,A,FALSE,FALSE,NA,FALSE,NA,FALSE,NA,TRUE,NA,FALSE,NA,Tracheophyta,Magnoliopsida,Sapindales,Aceraceae,NA,NA,NA,NA,NA
7262908,Acer cappadocicum Gled.,Acer cappadocicum,Gled.,SPECIES,NA,ACCEPTED,Acer,cappadocicum,SCIENTIFIC,<i>Acer</i> <i>cappadocicum</i> Gled.,EXACT,100,Plantae,Tracheophyta,Magnoliopsida,Sapindales,Sapindaceae,Acer,Acer cappadocicum,6,7707728,220,933,6657,3189834,7262908,FALSE,Acer cappadocicum Gled.,Plantae,R00110,FALSE,NA,NA,NA,NA,NA,NA,NA,NA,NA,Acer cappadocicum,Gled.,NA,NA,A,FALSE,FALSE,NA,FALSE,NA,FALSE,NA,TRUE,NA,FALSE,NA,Tracheophyta,Magnoliopsida,Sapindales,Aceraceae,NA,NA,NA,NA,NA
3189884,Acer circinatum Pursh,Acer circinatum,Pursh,SPECIES,NA,ACCEPTED,Acer,circinatum,SCIENTIFIC,<i>Acer</i> <i>circinatum</i> Pursh,EXACT,100,Plantae,Tracheophyta,Magnoliopsida,Sapindales,Sapindaceae,Acer,Acer circinatum,6,7707728,220,933,6657,3189834,3189884,FALSE,Acer circinatum Pursh,Plantae,R00111,FALSE,NA,NA,NA,NA,NA,NA,NA,NA,NA,Acer circinatum,Pursh,NA,NA,A,FALSE,FALSE,NA,FALSE,NA,FALSE,NA,FALSE,NA,FALSE,NA,Tracheophyta,Magnoliopsida,Sapindales,Aceraceae,NA,NA,NA,NA,NA
7262958,Acer monspessulanum L.,Acer monspessulanum,L.,SPECIES,NA,ACCEPTED,Acer,monspessulanum,SCIENTIFIC,<i>Acer</i> <i>monspessulanum</i> L.,EXACT,100,Plantae,Tracheophyta,Magnoliopsida,Sapindales,Sapindaceae,Acer,Acer monspessulanum,6,7707728,220,933,6657,3189834,7262958,FALSE,Acer monspessulanum L.,Plantae,R00115,FALSE,NA,NA,NA,NA,NA,NA,NA,NA,NA,Acer monspessulanum,L.,NA,NA,A,FALSE,FALSE,NA,FALSE,NA,FALSE,NA,TRUE,NA,FALSE,NA,Tracheophyta,Magnoliopsida,Sapindales,Aceraceae,NA,NA,NA,NA,NA
3189866,Acer negundo L.,Acer negundo,L.,SPECIES,NA,ACCEPTED,Acer,negundo,SCIENTIFIC,<i>Acer</i> <i>negundo</i> L.,EXACT,100,Plantae,Tracheophyta,Magnoliopsida,Sapindales,Sapindaceae,Acer,Acer negundo,6,7707728,220,933,6657,3189834,3189866,FALSE,Acer negundo L.,Plantae,R00116,FALSE,NA,NA,NA,NA,NA,NA,NA,NA,NA,Acer negundo,L.,NA,NA,A,TRUE,FALSE,NA,TRUE,NA,TRUE,NA,FALSE,NA,FALSE,NA,Pteridobiotina,Angiosperms,Sapindales,Sapindaceae,NA,NA,NA,NA,NA
3189882,Acer palmatum Thunb.,Acer palmatum,Thunb.,SPECIES,NA,ACCEPTED,Acer,palmatum,SCIENTIFIC,<i>Acer</i> <i>palmatum</i> Thunb.,EXACT,100,Plantae,Tracheophyta,Magnoliopsida,Sapindales,Sapindaceae,Acer,Acer palmatum,6,7707728,220,933,6657,3189834,3189882,FALSE,Acer palmatum Thunb.,Plantae,R00118,FALSE,NA,NA,NA,NA,NA,NA,NA,NA,NA,Acer palmatum,Thunb.,NA,NA,A,FALSE,FALSE,NA,FALSE,NA,FALSE,NA,FALSE,NA,FALSE,NA,Tracheophyta,Magnoliopsida,Sapindales,Aceraceae,NA,NA,NA,NA,NA
3189836,Acer pensylvanicum L.,Acer pensylvanicum,L.,SPECIES,NA,ACCEPTED,Acer,pensylvanicum,SCIENTIFIC,<i>Acer</i> <i>pensylvanicum</i> L.,EXACT,100,Plantae,Tracheophyta,Magnoliopsida,Sapindales,Sapindaceae,Acer,Acer pensylvanicum,6,7707728,220,933,6657,3189834,3189836,FALSE,Acer pensylvanicum L.,Plantae,R21254,FALSE,NA,NA,NA,NA,NA,NA,NA,NA,NA,Acer pensylvanicum,L.,NA,NA,A,FALSE,FALSE,NA,FALSE,NA,FALSE,NA,FALSE,NA,FALSE,NA,Tracheophyta,Magnoliopsida,NA,NA,NA,NA,NA,NA,NA
3189846,Acer platanoides L.,Acer platanoides,L.,SPECIES,NA,ACCEPTED,Acer,platanoides,SCIENTIFIC,<i>Acer</i> <i>platanoides</i> L.,EXACT,100,Plantae,Tracheophyta,Magnoliopsida,Sapindales,Sapindaceae,Acer,Acer platanoides,6,7707728,220,933,6657,3189834,3189846,FALSE,Acer platanoides L.,Plantae,R00119,FALSE,NA,NA,NA,NA,NA,NA,NA,NA,NA,Acer platanoides,L.,NA,NA,A,TRUE,FALSE,NA,FALSE,NA,FALSE,NA,TRUE,NA,FALSE,NA,Tracheophyta,Magnoliopsida,Sapindales,Aceraceae,NA,NA,NA,NA,NA
3189870,Acer pseudoplatanus L.,Acer pseudoplatanus,L.,SPECIES,NA,ACCEPTED,Acer,pseudoplatanus,SCIENTIFIC,<i>Acer</i> <i>pseudoplatanus</i> L.,EXACT,100,Plantae,Tracheophyta,Magnoliopsida,Sapindales,Sapindaceae,Acer,Acer pseudoplatanus,6,7707728,220,933,6657,3189834,3189870,FALSE,Acer pseudoplatanus L.,Plantae,R00120,FALSE,NA,NA,NA,NA,NA,NA,NA,NA,NA,Acer pseudoplatanus,L.,NA,NA,A,TRUE,FALSE,NA,TRUE,NA,FALSE,NA,TRUE,NA,FALSE,NA,Tracheophyta,Magnoliopsida,Sapindales,Aceraceae,NA,NA,NA,NA,NA
3189883,Acer rubrum L.,Acer rubrum,L.,SPECIES,NA,ACCEPTED,Acer,rubrum,SCIENTIFIC,<i>Acer</i> <i>rubrum</i> L.,EXACT,100,Plantae,Tracheophyta,Magnoliopsida,Sapindales,Sapindaceae,Acer,Acer rubrum,6,7707728,220,933,6657,3189834,3189883,FALSE,Acer rubrum L.,Plantae,R21255,FALSE,NA,NA,NA,NA,NA,NA,NA,NA,NA,Acer rubrum,L.,NA,NA,A,FALSE,FALSE,NA,FALSE,NA,FALSE,NA,FALSE,NA,FALSE,NA,Tracheophyta,Magnoliopsida,NA,NA,NA,NA,NA,NA,NA
7263145,Acer rufinerve Siebold & Zucc.,Acer rufinerve,Siebold & Zucc.,SPECIES,NA,ACCEPTED,Acer,rufinerve,SCIENTIFIC,<i>Acer</i> <i>rufinerve</i> Siebold & Zucc.,EXACT,100,Plantae,Tracheophyta,Magnoliopsida,Sapindales,Sapindaceae,Acer,Acer rufinerve,6,7707728,220,933,6657,3189834,7263145,FALSE,Acer rufinerve Siebold & Zucc.,Plantae,R00121,FALSE,NA,NA,NA,NA,NA,NA,NA,NA,NA,Acer rufinerve,Siebold & Zucc.,NA,NA,A,FALSE,FALSE,NA,FALSE,NA,FALSE,NA,FALSE,NA,FALSE,NA,Tracheophyta,Magnoliopsida,Sapindales,Aceraceae,NA,NA,NA,NA,NA
3189837,Acer saccharinum L.,Acer saccharinum,L.,SPECIES,NA,ACCEPTED,Acer,saccharinum,SCIENTIFIC,<i>Acer</i> <i>saccharinum</i> L.,EXACT,100,Plantae,Tracheophyta,Magnoliopsida,Sapindales,Sapindaceae,Acer,Acer saccharinum,6,7707728,220,933,6657,3189834,3189837,FALSE,Acer saccharinum L.,Plantae,R00122,FALSE,NA,NA,NA,NA,NA,NA,NA,NA,NA,Acer saccharinum,L.,NA,NA,A,FALSE,FALSE,NA,FALSE,NA,FALSE,NA,FALSE,NA,FALSE,NA,Tracheophyta,Magnoliopsida,Sapindales,Aceraceae,NA,NA,NA,NA,NA
